id,Origin,Dest,TargetDepTime,TargetArrTime,DepMaxEarly,DepMaxLate,ArrMaxEarly,ArrMaxLate,Demand,minPie,MaxPie 
0,0,3,0,100,0,0,0,0,10,25,40
1,0,3,3,100,0,0,0,0,10,25,40
2,0,3,6,100,0,0,0,0,10,25,40
3,0,3,9,100,0,0,0,0,10,25,40
4,0,3,12,100,0,0,0,0,10,25,40
5,0,3,15,100,0,0,0,0,10,25,40
6,0,3,18,100,0,0,0,0,10,25,40
7,0,3,21,100,0,0,0,0,10,25,40
8,0,3,24,100,0,0,0,0,10,25,40
9,0,3,27,100,0,0,0,0,10,25,40
10,0,3,30,100,0,0,0,0,10,25,40
11,0,3,33,100,0,0,0,0,10,25,40
12,0,3,36,100,0,0,0,0,10,25,40
13,0,3,39,100,0,0,0,0,10,25,40
14,0,3,42,100,0,0,0,0,10,25,40
15,0,3,45,100,0,0,0,0,10,25,40
16,0,3,48,100,0,0,0,0,10,25,40
17,0,3,51,100,0,0,0,0,10,25,40
18,0,3,54,100,0,0,0,0,10,25,40
19,0,3,57,100,0,0,0,0,10,25,40
